"id","create","rev","retention"
"301081861400","2022-05-25 23:53:58","0","0"
"549655335280","2022-05-25 23:35:38","0","31,32,33"
"600057195030","2022-05-25 23:16:03","0","6,8,12"
"565760927970","2022-05-25 22:50:07","0",
"136596440","2022-05-25 22:48:53","0",
"581289985070","2022-05-25 22:48:47","0","3,22"
"508929760860","2022-05-25 22:47:33","0","1,3,4"
"455261491730","2022-05-25 22:41:49","0",
"548300412010","2022-05-25 22:29:18","0","0"
"360946658990","2022-05-25 22:27:39","0","1,3,4"
"512768074640","2022-05-25 22:26:10","0","1,4,9,15"
"557980725690","2022-05-25 22:24:38","0","10"
"534370525900","2022-05-25 22:18:29","0",
"456176984680","2022-05-25 22:17:41","0","0"
"568742086130","2022-05-25 22:17:41","0",
"553043074630","2022-05-25 22:15:13","0",
"509559808240","2022-05-25 22:11:59","0",
"511726058390","2022-05-25 22:03:38","0","4"
"580258911950","2022-05-25 22:02:53","0","1,2,3,4,5,6,7,8,10,11,12,13,15,16,17,18,19,20,21,22,26,28,30"
"40743642050","2022-05-25 21:51:42","0",
"569018618030","2022-05-25 21:44:28","0","2"
"251340206800","2022-05-25 21:44:28","0","1"
"588274916400","2022-05-25 21:36:49","0",
"569707283620","2022-05-25 21:33:43","0",
"318719220520","2022-05-25 21:32:30","0",
"577608957660","2022-05-25 21:26:47","0","27"
"583453861010","2022-05-25 21:20:18","0",
"360301449530","2022-05-25 21:18:26","0","0"
"586307374510","2022-05-25 21:18:05","0","0"
"585903589390","2022-05-25 21:17:02","0",
"352301012880","2022-05-25 21:16:23","0",
"548940194200","2022-05-25 21:07:51","0","0"
"572714414110","2022-05-25 20:57:12","0","1,2,3,4,5,6,7,8,9"
"552844688100","2022-05-25 20:53:48","0","8"
"579735247160","2022-05-25 20:53:17","0","1,31"
"572030723410","2022-05-25 20:48:29","0",
"557046444450","2022-05-25 20:46:53","0","2"
"514730336130","2022-05-25 20:42:36","0",
"527867517000","2022-05-25 20:26:45","0","1,3,4,5,6,7,11,12,13,14,15,16,17,19,20,21,23,24,25,26,27"
"221077803390","2022-05-25 20:22:20","0",
"519134157720","2022-05-25 20:16:30","0",
"577930746830","2022-05-25 20:14:59","0","1,3,9,21,22"
"550469880160","2022-05-25 20:13:27","0","1,2,3,4,5,6,7,8,9,10,11,12,13,14,15,16,17,18,19,20,21,22,23,24,25,26,27,28,29,30,31,32,33,34"
"588775950100","2022-05-25 20:08:20","0",
"175402273200","2022-05-25 20:03:56","0",
"527829815950","2022-05-25 19:53:02","0",
"561401108390","2022-05-25 19:52:27","0","1,3,4,5,6,7,8,9,10,11,12,13,14,15,16,17,18,19,20,21,22,23,24,25,26,27,28,29,30,31,32,33,34"
"537802688060","2022-05-25 19:51:13","0","1,3,5,6,7,8,9,10,11,12,13,14,15,16,17,18,19,20,21,22,24,25,26,27,28,29,30,31,32,33,34"
"524428288050","2022-05-25 19:28:51","0",
"575159579240","2022-05-25 19:28:27","0","0"
"582380298830","2022-05-25 19:28:12","0","1,2,3,4,5"
"589077863190","2022-05-25 19:28:07","0",
"591688700720","2022-05-25 19:27:33","0",
"581536210540","2022-05-25 19:27:31","0",
"510614302550","2022-05-25 19:26:34","0",
"524876577230","2022-05-25 19:12:47","0",
"556368229500","2022-05-25 19:12:40","0","4"
"601043065370","2022-05-25 19:07:46","0",
"557267922920","2022-05-25 18:27:12","0","7"
"128319871390","2022-05-25 18:15:42","0","1"
"355686489170","2022-05-25 17:55:44","0",
"556106790320","2022-05-25 17:50:23","0","0"
"574505782090","2022-05-25 17:49:47","0",
"527915154460","2022-05-25 17:42:32","0",
"584838367390","2022-05-25 17:39:08","0",
"546520435320","2022-05-25 17:31:37","0","1,8,11,13,14,15,17,18,20,21,23,24,25,26,28,29,30,31,32,33,34"
"510123302330","2022-05-25 17:31:06","0","3,4,6,7"
"594026292780","2022-05-25 17:02:30","0","2,4,5,7,8,9,11,12,14,15,16,17,18,19,20,21,22,23,24,25,26,27,28,29,30,32,33"
"573354441150","2022-05-25 17:02:07","0",
"587062123940","2022-05-25 17:01:54","0","1,2,3,4"
"499134715120","2022-05-25 16:42:41","0","14"
"575546051430","2022-05-25 16:38:55","0",
"341084584630","2022-05-25 16:28:39","0","3,4,5,6,7,8,9,10,11,12,13,14,15,16,17,22,23,24"
"555298420800","2022-05-25 16:23:05","0","4"
"559803669980","2022-05-25 16:16:35","0","5,6,7,28,31,33"
"548858110","2022-05-25 16:16:03","0","3,4,6,18,21"
"563401525930","2022-05-25 16:13:36","0","3,4,5,6,8,11,18,19"
"581716177050","2022-05-25 16:04:16","0","1,3,4,5,13"
"62401289060","2022-05-25 15:59:59","0","2,4,5,6,7,9,11,12,13,14,15,17,19,20,21,22,23,24,26,28,33,34"
"558934892930","2022-05-25 15:54:03","0",
"561348234960","2022-05-25 15:47:18","0","1,2,3,4,6,7,13,14,18,20,21,23,30,32,33"
"560507560690","2022-05-25 15:42:05","0",
"553025346770","2022-05-25 15:35:26","0","1,2,3,4,6,7,8,9,11,12,14,15,16,17,18,19,20,22,23,24,25,26,27,28,29,30,31,32,33,34"
"584512946140","2022-05-25 15:30:07","0","1"
"169449827450","2022-05-25 15:25:43","0","0"
"567686515900","2022-05-25 15:22:35","0",
"136231146450","2022-05-25 15:22:21","0","1,2,3,4,5,6,7,8,9,10,11,12,13,14,19,20,23"
"583543576090","2022-05-25 15:14:43","0","1,2,3,4,5,6,7,8,9,10,11,12,14,15,16,17,18,19,20,21,22,23,24,25,26,27,28,29,30,31,32"
"581641366510","2022-05-25 15:13:19","0","0"
"569902476350","2022-05-25 15:12:02","0","2,3,4,5,6,7,8,33"
"554697214160","2022-05-25 15:03:09","0",
"570397998450","2022-05-25 15:01:52","0","2,10"
"584530182620","2022-05-25 14:55:41","0","1"
"572838210730","2022-05-25 14:51:39","0","12"
"585878464490","2022-05-25 14:49:01","0",
"576072646990","2022-05-25 14:47:58","0","0"
"511702590820","2022-05-25 14:43:45","0","0"
"579584453610","2022-05-25 14:43:24","0","1,2,4,5,6,7,8,10,11,15,21,31,34"
"580183961970","2022-05-25 14:40:39","0","1,7"
"578436478620","2022-05-25 14:39:14","0","28,29,32"
"330116298230","2022-05-25 14:39:12","0","2,3,5,6,8,11,12,13,14,15,16,19,22,26,27,28,29,30,31,32,33,34"
"565853904880","2022-05-25 14:37:15","0","0"
"544212566850","2022-05-25 14:32:05","0",
"511290652770","2022-05-25 14:31:38","0",
"562062172310","2022-05-25 14:20:26","0",
"157844801440","2022-05-25 14:20:20","0","1"
"582377366540","2022-05-25 14:19:10","0","3,4,8,9,18,23,24"
"548808619560","2022-05-25 14:11:42","0","5,6,7,13,17,21,25,28,29,31,34"
"575474885090","2022-05-25 14:02:47","0","0"
"589260340790","2022-05-25 13:58:11","0",
"564634673910","2022-05-25 13:57:48","0","11"
"568976425950","2022-05-25 13:51:28","0","0"
"562634347240","2022-05-25 13:43:52","0",
"585405530830","2022-05-25 13:42:16","0","8"
"583796826350","2022-05-25 13:36:10","0",
"534859901600","2022-05-25 13:27:28","0","0"
"592989471770","2022-05-25 12:58:16","0","1,2,3,4,5,6,7,8,9,10,12,13,14,16,17,18,20,21,22,23"
"531101783990","2022-05-25 12:50:38","0",
"352009411890","2022-05-25 12:44:32","0",
"248925510","2022-05-25 12:12:46","0","2,4,5,6,7,12,14,15,16,17,19,22,23,24,25,26,27,28,31,33,34"
"564533573510","2022-05-25 11:42:56","0",
"578616170190","2022-05-25 11:33:11","0",
"511133459420","2022-05-25 11:21:39","0",
"486237685260","2022-05-25 11:20:47","0",
"582652044570","2022-05-25 11:17:03","0","1,6,8,9,12,13,15,16,22,26,27,28,29,31,32,33,34"
"579022067430","2022-05-25 10:58:45","0",
"535810789400","2022-05-25 10:54:52","0",
"562664097480","2022-05-25 10:49:02","0",
"564543196340","2022-05-25 10:41:10","0",
"540277614150","2022-05-25 10:34:57","0",
"571479732130","2022-05-25 10:29:00","0","2"
"577169093680","2022-05-25 10:18:19","0","10,15"
"583728087770","2022-05-25 10:16:45","0","3"
"564948073380","2022-05-25 09:52:33","0",
"581927124120","2022-05-25 09:44:39","0","2"
"559217244060","2022-05-25 09:36:40","0","7,9"
"339964731390","2022-05-25 09:05:02","0","0"
"551408873540","2022-05-25 09:03:12","0",
"572133477490","2022-05-25 08:57:48","0","14"
"557550380380","2022-05-25 08:51:04","0",
"343144753100","2022-05-25 08:35:41","0",
"581033662300","2022-05-25 08:13:46","0","2,3,6,8,13,14,19"
"498300471330","2022-05-25 08:11:50","0",
"527771547850","2022-05-25 08:07:22","0",
"568267068310","2022-05-25 08:01:16","0","2,4,5,6,7,9,10,11,14,15,19,20,21,22,23,24,26,27,28,29,30,32,33,34"
"563221571430","2022-05-25 07:40:41","0",
"553754820500","2022-05-25 07:29:43","0","0"
"505461062000","2022-05-25 07:13:55","0",
"591619992340","2022-05-25 07:10:02","0","19,21"
"442343767160","2022-05-25 07:00:15","0",
"588889748260","2022-05-25 06:59:26","0",
"589683114150","2022-05-25 06:57:48","0","1,2,4,7,8,9,11,13,14,15,16,18,20,22"
"535743969260","2022-05-25 06:53:27","0",
"521664956050","2022-05-25 06:52:48","0","8,11,12,17,18,19,20,21,23,24,25,27,29,31,33,34,35"
"293493295320","2022-05-25 06:50:56","0",
"583725042590","2022-05-25 06:50:52","0","7,8,9,10,11,12,13,14,15,16,17,18,19,20,21,22,23,24,25,26,27,28,29,30,31,32,33,34,35"
"550336424820","2022-05-25 06:44:31","0",
"575407643830","2022-05-25 06:16:59","0",
"559495927180","2022-05-25 05:33:23","0",
"586058642190","2022-05-25 05:33:01","0",
"551306973010","2022-05-25 05:27:33","0","1,2,3,6,14,21,23,25,27,29,32"
"446844149630","2022-05-25 04:53:55","0","19"
"343305667720","2022-05-25 04:50:09","0","2,3,4,5,6,7,11,13,14,15,16,17,18,21,22,23,24,25,26,28,30"
"572459176670","2022-05-25 04:39:59","0","4,11,12,24,25,27,28,30"
"520989993400","2022-05-25 04:17:13","0","2,5,13,22"
"585661938060","2022-05-25 04:09:14","0","0"
"377614566160","2022-05-25 02:51:26","0","2,3,5,6,7,8"
"539012951580","2022-05-25 02:46:19","0","1,2,3,4,5,11"
"570913459340","2022-05-25 02:32:45","0",
"578293491320","2022-05-25 01:36:23","0",
"338650686400","2022-05-25 00:36:55","0","1,2,3,4,5,6,7,8,9,10,11,12,13,14,15,16,17,18,19,20,21,22,23,25,26,27,28,29,30,31,32,33,34"
"326415233420","2022-05-25 00:33:20","0","3,4,20,26,30,31,33"
"527809054570","2022-05-25 00:30:07","0",
"574825243560","2022-05-25 00:14:13","0",
"541418586110","2022-05-25 00:14:07","0","1,3,15"
